name,lat,lon,country,pop
Tokyo,35.685,139.7514,Japan,35676000
New York,40.6943,-73.9249,United States,19354922
Mexico City,19.4424,-99.131,Mexico,19028000
Mumbai,19.017,72.857,India,18978000
Sao Paulo,-23.5587,-46.625,Brazil,18845000
Delhi,28.67,77.23,India,15926000
Shanghai,31.2165,121.4365,China,14987000
Kolkata,22.495,88.3247,India,14787000
Los Angeles,34.1139,-118.4068,United States,12815475
Dhaka,23.7231,90.4086,Bangladesh,12797394
Buenos Aires,-34.6025,-58.3975,Argentina,12795000
Karachi,24.87,66.99,Pakistan,12130000
Cairo,30.05,31.25,Egypt,11893000
Rio de Janeiro,-22.925,-43.225,Brazil,11748000
Osaka,34.75,135.4601,Japan,11294000
Beijing,39.9289,116.3883,China,11106000
Manila,14.6042,120.9822,Philippines,11100000
Moscow,55.7522,37.6155,Russia,10452000
Istanbul,41.105,29.01,Turkey,10061000
Paris,48.8667,2.3333,France,9904000
Seoul,37.5663,126.9997,"Korea, South",9796000
Lagos,6.4433,3.3915,Nigeria,9466000
Jakarta,-6.1744,106.8294,Indonesia,9125000
Guangzhou,23.145,113.325,China,8829000
Chicago,41.8373,-87.6861,United States,8675982
London,51.5,-0.1167,United Kingdom,8567000
Lima,-12.048,-77.0501,Peru,8012000
Tehran,35.6719,51.4243,Iran,7873000
Kinshasa,-4.3297,15.315,Congo (Kinshasa),7843000
Bogota,4.5964,-74.0833,Colombia,7772000
Shenzhen,22.5524,114.1221,China,7581000
Wuhan,30.58,114.27,China,7243000
Hong Kong,22.305,114.185,Hong Kong,7206000
Tianjin,39.13,117.2,China,7180000
Chennai,13.09,80.28,India,7163000
Taipei,25.0358,121.5683,Taiwan,6900273
Bangalore,12.97,77.56,India,6787000
Bangkok,13.75,100.5166,Thailand,6704000
Lahore,31.56,74.35,Pakistan,6577000
Chongqing,29.565,106.595,China,6461000
Miami,25.784,-80.2102,United States,6381966
Hyderabad,17.4,78.48,India,6376000
Dallas,32.7937,-96.7662,United States,5733259
Santiago,-33.45,-70.667,Chile,5720000
Philadelphia,40.0076,-75.134,United States,5637884
Belo Horizonte,-19.915,-43.915,Brazil,5575000
Madrid,40.4,-3.6834,Spain,5567000
Houston,29.7868,-95.3905,United States,5446468
Ahmedabad,23.0301,72.58,India,5375000
Ho Chi Minh City,10.78,106.695,Vietnam,5314000
Washington,38.9047,-77.0163,United States,5289420
Atlanta,33.7626,-84.4228,United States,5228750
Toronto,43.7,-79.42,Canada,5213000
Singapore,1.293,103.8558,Singapore,5183700
Luanda,-8.8383,13.2344,Angola,5172900
Baghdad,33.3386,44.3939,Iraq,5054000
Barcelona,41.3833,2.1834,Spain,4920000
Haora,22.5804,88.3299,India,4841638
Shenyeng,41.805,123.45,China,4787000
Khartoum,15.5881,32.5342,Sudan,4754000
Pune,18.53,73.85,India,4672000
Boston,42.3188,-71.0846,United States,4637537
Sydney,-33.92,151.1852,Australia,4630000
St. Petersburg,59.939,30.316,Russia,4553000
Chittagong,22.33,91.8,Bangladesh,4529000
Dongguan,23.0489,113.7447,China,4528000
Riyadh,24.6408,46.7727,Saudi Arabia,4465000
Hanoi,21.0333,105.85,Vietnam,4378000
Guadalajara,20.67,-103.33,Mexico,4198000
Melbourne,-37.82,144.975,Australia,4170000
Alexandria,31.2,29.95,Egypt,4165000
Chengdu,30.67,104.07,China,4123000
Rangoon,16.7834,96.1667,Burma,4088000
Phoenix,33.5722,-112.0891,United States,4081849
Xian,34.275,108.895,China,4009000
Porto Alegre,-30.05,-51.2,Brazil,3917000
Surat,21.2,72.84,India,3842000
Hechi,23.0965,109.6091,China,3830000
Abidjan,5.32,-4.04,Côte D’Ivoire,3802000
Brasilia,-15.7833,-47.9161,Brazil,3716996
Ankara,39.9272,32.8644,Turkey,3716000
Monterrey,25.67,-100.33,Mexico,3712000
Yokohama,35.32,139.58,Japan,3697894
Nanjing,32.05,118.78,China,3679000
Montreal,45.5,-73.5833,Canada,3678000
Guiyang,26.58,106.72,China,3662000
Recife,-8.0756,-34.9156,Brazil,3651000
Seattle,47.6211,-122.3244,United States,3643765
Harbin,45.75,126.65,China,3621000
San Francisco,37.7562,-122.443,United States,3603761
Fortaleza,-3.75,-38.58,Brazil,3602319
Zhangzhou,24.5204,117.67,China,3531147
Detroit,42.3834,-83.1024,United States,3522206
Salvador,-12.97,-38.48,Brazil,3484000
Busan,35.0951,129.01,"Korea, South",3480000
Johannesburg,-26.17,28.03,South Africa,3435000
Berlin,52.5218,13.4015,Germany,3406000
Algiers,36.7631,3.0506,Algeria,3354000
Rome,41.896,12.4833,Italy,3339000
Pyongyang,39.0194,125.7547,"Korea, North",3300000
Medellin,6.275,-75.575,Colombia,3297000
Kabul,34.5167,69.1833,Afghanistan,3277000
Athens,37.9833,23.7333,Greece,3242000
Nagoya,35.155,136.915,Japan,3230000
Cape Town,-33.92,18.435,South Africa,3215000
San Diego,32.8312,-117.1226,United States,3210314
Changchun,43.865,125.34,China,3183000
Casablanca,33.6,-7.6164,Morocco,3181000
Dalian,38.9228,121.6298,China,3167000
Kanpur,26.46,80.32,India,3162000
Kano,12,8.52,Nigeria,3140000
Tel Aviv-Yafo,32.08,34.77,Israel,3112000
Addis Ababa,9.0333,38.7,Ethiopia,3100000
Curitiba,-25.42,-49.32,Brazil,3084000
Zibo,36.8,118.05,China,3061000
Jeddah,21.5169,39.2192,Saudi Arabia,3012000
Nairobi,-1.2833,36.8167,Kenya,3010000
Hangzhou,30.25,120.17,China,3007000
Benoni,-26.1496,28.3299,South Africa,2986000
Caracas,10.501,-66.917,Venezuela,2985000
Milan,45.47,9.205,Italy,2945000
Stuttgart,48.78,9.2,Germany,2944700
Kunming,25.07,102.68,China,2931000
Dar es Salaam,-6.8,39.2683,Tanzania,2930000
Minneapolis,44.9635,-93.2678,United States,2926757
Jaipur,26.9211,75.81,India,2917000
Taiyuan,37.875,112.5451,China,2913000
Frankfurt,50.1,8.675,Germany,2895000
Qingdao,36.09,120.33,China,2866000
Surabaya,-7.2492,112.7508,Indonesia,2845000
Lisbon,38.7227,-9.1449,Portugal,2812000
Tampa,27.9937,-82.4454,United States,2804240
Jinan,36.675,116.995,China,2798000
Fukuoka,33.595,130.41,Japan,2792000
Campinas,-22.9,-47.1,Brazil,2791000
Denver,39.7621,-104.8759,United States,2787266
Kaohsiung,22.6333,120.2666,Taiwan,2769072
Quezon City,14.6504,121.03,Philippines,2761720
Katowice,50.2604,19.02,Poland,2746000
Aleppo,36.23,37.17,Syria,2738000
Durban,-29.865,30.98,South Africa,2729000
Kiev,50.4334,30.5166,Ukraine,2709000
Lucknow,26.855,80.915,India,2695000
El Giza,30.01,31.19,Egypt,2681863
Zhengzhou,34.755,113.6651,China,2636000
Taichung,24.1521,120.6817,Taiwan,2629323
Brooklyn,40.6501,-73.9496,United States,2629150
Ibadan,7.38,3.93,Nigeria,2628000
Faisalabad,31.41,73.11,Pakistan,2617000
Fuzhou,26.08,119.3,China,2606000
Dakar,14.7158,-17.4731,Senegal,2604000
Changsha,28.2,112.97,China,2604000
Izmir,38.4361,27.1518,Turkey,2587000
Xiangtan,27.8504,112.9,China,2586948
Lanzhou,36.056,103.792,China,2561000
Incheon,37.4761,126.6422,"Korea, South",2550000
Sapporo,43.075,141.34,Japan,2544000
Xiamen,24.45,118.08,China,2519000
Guayaquil,-2.22,-79.92,Ecuador,2514000
George Town,5.4136,100.3294,Malaysia,2500000
Mashhad,36.27,59.57,Iran,2469000
Damascus,33.5,36.3,Syria,2466000
Daegu,35.8668,128.607,"Korea, South",2460000
Nagpur,21.17,79.09,India,2454000
Jinxi,40.7503,120.83,China,2426000
Shijianzhuang,38.05,114.48,China,2417000
Tunis,36.8028,10.1797,Tunisia,2412500
Vienna,48.2,16.3666,Austria,2400000
Jilin,43.85,126.55,China,2396000
Omdurman,15.6167,32.48,Sudan,2395159
Bandung,-6.95,107.57,Indonesia,2394000
Bekasi,-6.2173,106.9723,Indonesia,2378211
Mannheim,49.5004,8.47,Germany,2362000
Nanchang,28.68,115.88,China,2350000
Wenzhou,28.02,120.6501,China,2350000
Queens,40.7498,-73.7976,United States,2333054
Vancouver,49.2734,-123.1216,Canada,2313328
Birmingham,52.475,-1.92,United Kingdom,2285000
Cali,3.4,-76.5,Colombia,2254000
Naples,40.84,14.245,Italy,2250000
Sendai,38.2871,141.0217,Japan,2250000
Manchester,53.5004,-2.248,United Kingdom,2230000
Puebla,19.05,-98.2,Mexico,2195000
Tripoli,32.8925,13.18,Libya,2189000
Tashkent,41.3117,69.2949,Uzbekistan,2184000
Nanchong,30.7804,106.13,China,2174000
Havana,23.132,-82.3642,Cuba,2174000
Baltimore,39.3051,-76.6144,United States,2170504
Belem,-1.45,-48.48,Brazil,2167000
Nanning,22.82,108.32,China,2167000
Patna,25.625,85.13,India,2158000
Santo Domingo,18.4701,-69.9001,Dominican Republic,2154000
Urumqi,43.805,87.575,China,2151000
Zaozhuang,34.88,117.57,China,2145000
Baku,40.3953,49.8622,Azerbaijan,2122300
Accra,5.55,-0.2167,Ghana,2121000
Yantai,37.5304,121.4,China,2116000
Medan,3.58,98.65,Indonesia,2115000
Santa Cruz,-17.7539,-63.226,Bolivia,2102998
Xuzhou,34.28,117.18,China,2091000
Riverside,33.9381,-117.3948,United States,2084749
Linyi,35.08,118.33,China,2082000
Saint Louis,38.6358,-90.2451,United States,2078283
Las Vegas,36.2291,-115.2607,United States,2073045
Maracaibo,10.73,-71.66,Venezuela,2072000
Kuwait,29.3697,47.9783,Kuwait,2063000
Ad Damman,26.4282,50.0997,Saudi Arabia,2054710
Portland,45.5372,-122.65,United States,2052796
Haikou,20.05,110.32,China,2046189
Hiroshima,34.3878,132.4429,Japan,2045000
Baotou,40.6522,109.822,China,2036000
Hefei,31.85,117.28,China,2035000
Indore,22.7151,75.865,India,2026000
Goiania,-16.72,-49.3,Brazil,2022000
Sanaa,15.3547,44.2066,Yemen,2008000
San Antonio,29.4722,-98.5247,United States,2002530
Port-au-Prince,18.541,-72.336,Haiti,1998000
Haiphong,20.83,106.6801,Vietnam,1969000
Suzhou,33.6361,116.9789,China,1964000
Nanyang,33.0004,112.53,China,1944000
Bucharest,44.4334,26.0999,Romania,1942000
Ningbo,29.88,121.55,China,1923000
Douala,4.0604,9.71,Cameroon,1906000
Tangshan,39.6243,118.1944,China,1879000
Tainan,23,120.2,Taiwan,1876312
Datong,40.08,113.3,China,1873000
Asuncion,-25.2964,-57.6415,Paraguay,1870000
Saidu,34.75,72.35,Pakistan,1860310
Brisbane,-27.455,153.0351,Australia,1860000
Rawalpindi,33.6,73.04,Pakistan,1858000
Sacramento,38.5667,-121.4683,United States,1854698
Beirut,33.872,35.5097,Lebanon,1846000
San Jose,37.3018,-121.8485,United States,1821899
Minsk,53.9,27.5666,Belarus,1805000
Kyoto,35.03,135.75,Japan,1805000
Barranquilla,10.96,-74.8,Colombia,1798000
Orlando,28.4788,-81.342,United States,1776841
Valencia,10.23,-67.98,Venezuela,1770000
Shuyang,34.1299,118.7734,China,1770000
Hamburg,53.55,10,Germany,1757000
Vadodara,22.31,73.18,India,1756000
Manaus,-3.1,-60,Brazil,1753000
Shangqiu,34.4504,115.65,China,1753000
Wuxi,31.58,120.3,China,1749000
Palembang,-2.98,104.75,Indonesia,1749000
Brussels,50.8333,4.3333,Belgium,1743000
Essen,51.45,7.0166,Germany,1742135
Cleveland,41.4767,-81.6805,United States,1730363
Bhopal,23.25,77.41,India,1727000
Hohhot,40.82,111.66,China,1726000
Pittsburgh,40.4396,-79.9763,United States,1715297
Luoyang,34.68,112.4701,China,1715000
Santos,-23.9537,-46.3329,Brazil,1709000
Jianmen,30.6501,113.16,China,1708000
Warsaw,52.25,21,Poland,1707000
Rabat,34.0253,-6.8361,Morocco,1705000
Vitoria,-20.324,-40.366,Brazil,1704000
Quito,-0.215,-78.5001,Ecuador,1701000
Antananarivo,-18.9166,47.5166,Madagascar,1697000
Coimbatore,11,76.95,India,1696000
Daqing,46.58,125,China,1693000
Luan,31.7503,116.48,China,1690000
Wanzhou,30.82,108.4,China,1680000
Budapest,47.5,19.0833,Hungary,1679000
Turin,45.0704,7.67,Italy,1652000
Suzhou,31.3005,120.62,China,1650000
Ludhiana,30.9278,75.8723,India,1649000
Cincinnati,39.1412,-84.5059,United States,1648254
Kumasi,6.69,-1.63,Ghana,1646000
Manhattan,40.7834,-73.9662,United States,1643734
Qiqihar,47.345,123.99,China,1641000
Anshan,41.115,122.94,China,1639000
Austin,30.3006,-97.7517,United States,1638716
Zhongli,24.965,121.2168,Taiwan,1632616
Handan,36.58,114.48,China,1631000
Taian,36.2,117.1201,China,1629000
Isfahan,32.7,51.7,Iran,1628000
Kansas City,39.1239,-94.5541,United States,1615621
Yaounde,3.8667,11.5167,Cameroon,1611000
Shantou,23.37,116.67,China,1601000
Agra,27.1704,78.015,India,1592000
La Paz,-16.498,-68.15,Bolivia,1590000
Zhanjiang,21.2,110.38,China,1590000
Kalyan,19.2502,73.1602,India,1576614
Abuja,9.0833,7.5333,Nigeria,1576000
Harare,-17.8178,31.0447,Zimbabwe,1572000
Indianapolis,39.7771,-86.1458,United States,1564699
Xiantao,30.3704,113.44,China,1556000
Tijuana,32.5,-117.08,Mexico,1553000
Khulna,22.84,89.56,Bangladesh,1553000
Weifang,36.7204,119.1001,China,1553000
Santiago,19.5,-70.67,Dominican Republic,1550753
Xinyang,32.1304,114.07,China,1541000
Luzhou,28.88,105.38,China,1537000
Perth,-31.955,115.84,Australia,1532000
Toluca,19.3304,-99.67,Mexico,1531000
Leeds,53.83,-1.58,United Kingdom,1529000
Vishakhapatnam,17.73,83.305,India,1529000
Kobe,34.68,135.17,Japan,1528478
Columbus,39.986,-82.9852,United States,1528314
Multan,30.2,71.455,Pakistan,1522000
Kochi,10.015,76.2239,India,1519000
Gujranwala,32.1604,74.185,Pakistan,1513000
Montevideo,-34.858,-56.1711,Uruguay,1513000
Niteroi,-22.9,-43.1,Brazil,1500513
Ganzhou,25.92,114.95,China,1500000
Florence,43.78,11.25,Italy,1500000
Liuzhou,24.28,109.25,China,1497000
Bamako,12.65,-8,Mali,1494000
Conakry,9.5315,-13.6802,Guinea,1494000
Bursa,40.2,29.07,Turkey,1492000
Leon,21.15,-101.7,Mexico,1488000
Virginia Beach,36.7335,-76.0435,United States,1480383
Nasik,20.0004,73.78,India,1473000
Fushun,41.8654,123.87,China,1470000
Changde,29.03,111.68,China,1469000
Daejeon,36.3355,127.425,"Korea, South",1468000
Charlotte,35.2079,-80.8303,United States,1467362
Neijiang,29.5804,105.05,China,1466000
Phnom Penh,11.55,104.9166,Cambodia,1466000
Quanzhou,24.9,118.58,China,1463000
Kharkiv,50,36.25,Ukraine,1461000
Hyderabad,25.38,68.375,Pakistan,1459000
Bronx,40.8501,-73.8662,United States,1455720
Lome,6.1319,1.2228,Togo,1452000
Cordoba,-31.4,-64.1823,Argentina,1452000
Huainan,32.63,116.98,China,1451000
Doha,25.2866,51.533,Qatar,1450000
Kuala Lumpur,3.1667,101.7,Malaysia,1448000
Maputo,-25.9553,32.5892,Mozambique,1446000
Kaduna,10.52,7.44,Nigeria,1442000
Gwangju,35.171,126.9104,"Korea, South",1440000
Kawasaki,35.53,139.705,Japan,1437266
San Salvador,13.71,-89.203,El Salvador,1433000
Suining,30.5333,105.5333,China,1425000
Lyon,45.77,4.83,France,1423000
Karaj,35.8004,50.97,Iran,1423000
Kampala,0.3167,32.5833,Uganda,1420000
Tabriz,38.0863,46.3012,Iran,1413000
The Hague,52.08,4.27,Netherlands,1406000
Davao,7.11,125.63,Philippines,1402000
Marseille,43.29,5.375,France,1400000
Meerut,29.0004,77.7,India,1398000
Mianyang,31.47,104.77,China,1396000
Semarang,-6.9666,110.42,Indonesia,1396000
Faridabad,28.4333,77.3167,India,1394000
Novosibirsk,55.03,82.96,Russia,1389000
Makkah,21.43,39.82,Saudi Arabia,1385000
Dubai,25.23,55.28,United Arab Emirates,1379000
Milwaukee,43.064,-87.9669,United States,1377808
Auckland,-36.8481,174.763,New Zealand,1377200
Maanshan,31.7304,118.48,China,1366302
Brazzaville,-4.2592,15.2847,Congo (Brazzaville),1355000
Lubumbashi,-11.68,27.48,Congo (Kinshasa),1352000
Yiyang,28.6004,112.33,China,1352000
Varanasi,25.33,83,India,1352000
Ciudad Juarez,31.6904,-106.49,Mexico,1343000
Ghaziabad,28.6604,77.4084,India,1341000
Pretoria,-25.7069,28.2294,South Africa,1338000
Heze,35.23,115.45,China,1338000
Porto,41.15,-8.62,Portugal,1337000
Lusaka,-15.4166,28.2833,Zambia,1328000
Asansol,23.6833,86.9833,India,1328000
Changzhou,31.78,119.97,China,1327000
Mosul,36.345,43.145,Iraq,1316000
Yekaterinburg,56.85,60.6,Russia,1313000
Peshawar,34.005,71.535,Pakistan,1303000
Mandalay,21.97,96.085,Burma,1300000
Jamshedpur,22.7875,86.1975,India,1300000
Mbuji-Mayi,-6.15,23.6,Congo (Kinshasa),1295000
Madurai,9.92,78.12,India,1294000
Adana,36.995,35.32,Turkey,1293000
Sheffield,53.3667,-1.5,United Kingdom,1292900
Jabalpur,23.1751,79.9551,India,1285000
San Jose,9.935,-84.0841,Costa Rica,1284000
Panama City,8.968,-79.533,Panama,1281000
Nizhny Novgorod,56.333,44.0001,Russia,1278000
Chifeng,42.27,118.95,China,1277000
Duisburg,51.43,6.75,Germany,1276757
Munich,48.1299,11.575,Germany,1275000
Stockholm,59.3508,18.0973,Sweden,1264000
Huaiyin,33.58,119.03,China,1264000
Ujungpandang,-5.14,119.432,Indonesia,1262000
Rajkot,22.31,70.8,India,1260000
Dhanbad,23.8004,86.42,India,1246000
Mudangiang,44.575,129.59,China,1244000
Geneva,46.21,6.14,Switzerland,1240000
Shiraz,29.63,52.57,Iran,1240000
Huzhou,30.8704,120.1,China,1231000
Tianshui,34.6,105.92,China,1225000
Lupanshui,26.5944,104.8333,China,1221000
Dusseldorf,51.2204,6.78,Germany,1220000
Maoming,21.9204,110.87,China,1217715
Seville,37.405,-5.98,Spain,1212045
Amritsar,31.64,74.87,India,1212000
Vila Velha,-20.3676,-40.318,Brazil,1209091
Vila Velha,3.2167,-51.2167,Brazil,1209091
Almaty,43.325,76.915,Kazakhstan,1209000
Providence,41.8229,-71.4186,United States,1206642
Warangal,18.01,79.58,India,1203853
Rosario,-32.9511,-60.6663,Argentina,1203000
Allahabad,25.455,81.84,India,1201000
Benin City,6.3405,5.62,Nigeria,1190000
Maceio,-9.62,-35.73,Brazil,1186000
Jining,35.4004,116.55,China,1186000
Sofia,42.6833,23.3167,Bulgaria,1185000
Abbottabad,34.1495,73.1995,Pakistan,1183647
Banghazi,32.1167,20.0667,Libya,1180000
Cilacap,-7.7188,109.0154,Indonesia,1174964
Prague,50.0833,14.466,Czechia,1162000
Glasgow,55.8744,-4.2507,United Kingdom,1160000
Leshan,29.5671,103.7333,China,1157000
Jacksonville,30.3322,-81.6749,United States,1156291
Ouagadougou,12.3703,-1.5247,Burkina Faso,1149000
Adelaide,-34.935,138.6,Australia,1145000
Ottawa,45.4167,-75.7,Canada,1145000
Shangrao,28.4704,117.97,China,1144577
Torreon,25.5701,-103.42,Mexico,1144000
Srinagar,34.1,74.815,India,1140000
Samara,53.195,50.1513,Russia,1137000
Vijayawada,16.52,80.63,India,1137000
Omsk,54.99,73.4,Russia,1135000
Newcastle,-32.8453,151.815,Australia,1134616
Yulin,22.63,110.15,China,1127000
Nampo,38.7669,125.4524,"Korea, North",1127000
Xianyang,34.3456,108.7147,China,1126000
Cagayan de Oro,8.4508,124.6853,Philippines,1121561
Can Tho,10.05,105.77,Vietnam,1121000
Barquisimeto,10.05,-69.3,Venezuela,1116000
Kazan,55.7499,49.1263,Russia,1115000
Helsinki,60.1756,24.9341,Finland,1115000
Aurangabad,19.8957,75.3203,India,1113000
Calgary,51.083,-114.08,Canada,1110000
Nezahualcoyotl,19.41,-99.03,Mexico,1109363
Zurich,47.38,8.55,Switzerland,1108000
Baoding,38.8704,115.48,China,1107000
Zigong,29.4,104.78,China,1105000
Sharjah,25.3714,55.4065,United Arab Emirates,1103027
Yerevan,40.1812,44.5136,Armenia,1102000
Mogadishu,2.0667,45.3667,Somalia,1100000
Huambo,-12.75,15.76,Angola,1100000
Ankang,32.68,109.02,China,1100000
Tbilisi,41.725,44.7908,Georgia,1100000
Ikare,7.5304,5.76,Nigeria,1099931
Belgrade,44.8186,20.468,Serbia,1099000
Salt Lake City,40.7774,-111.9301,United States,1098400
Bhilai,21.2167,81.4333,India,1097000
Jinhua,29.12,119.65,China,1092852
Chelyabinsk,55.155,61.4387,Russia,1091000
Natal,-5.78,-35.24,Brazil,1088000
Dushanbe,38.56,68.7739,Tajikistan,1086244
Kobenhavn,55.6786,12.5635,Denmark,1085000
Changwon,35.2191,128.5836,"Korea, South",1081499
Zhuzhou,27.83,113.15,China,1080000
Suwon,37.2578,127.0109,"Korea, South",1078000
Nashville,36.1714,-86.7844,United States,1076645
Vereeniging,-26.6496,27.96,South Africa,1074000
Xiangfan,32.02,112.13,China,1069000
Memphis,35.1047,-89.9773,United States,1068873
Ulsan,35.5467,129.317,"Korea, South",1061000
Zhucheng,35.99,119.3801,China,1060000
Amman,31.95,35.9333,Jordan,1060000
Richmond,37.5295,-77.4756,United States,1059907
Dublin,53.3331,-6.2489,Ireland,1059000
Edmonton,53.55,-113.5,Canada,1058000
Sholapur,17.6704,75.9,India,1057000
Rostov,47.2346,39.7127,Russia,1052000
Dnipro,48.48,35,Ukraine,1050000
Xining,36.62,101.77,China,1048000
Zhangjiakou,40.83,114.93,China,1046000
Gaziantep,37.075,37.385,Turkey,1044000
Lille,50.65,3.08,France,1044000
Ranchi,23.37,85.33,India,1044000
Monrovia,6.3106,-10.8048,Liberia,1041000
Sao Luis,-2.516,-44.266,Brazil,1038000
Amsterdam,52.35,4.9166,Netherlands,1031000
Jerusalem,31.7784,35.2066,Israel,1029300
New Orleans,30.0687,-89.9288,United States,1029123
Guatemala,14.6211,-90.527,Guatemala,1024000
Florianopolis,-27.58,-48.52,Brazil,1023000
Zhuhai,22.2769,113.5678,China,1023000
Port Elizabeth,-33.97,25.6,South Africa,1021000
Port Harcourt,4.81,7.01,Nigeria,1020000
Jiamusi,46.83,130.35,China,1020000
Raleigh,35.8323,-78.6439,United States,1018336
Ufa,54.79,56.04,Russia,1018000
Hengyang,26.88,112.59,China,1016000
Benxi,41.3304,123.75,China,1012000
Louisville,38.1662,-85.6488,United States,1011696
Haifa,32.8204,34.98,Israel,1011000
Medina,24.5,39.58,Saudi Arabia,1010000
Bucaramanga,7.1301,-73.1259,Colombia,1009000
Maracay,10.2469,-67.5958,Venezuela,1007000
Rotterdam,51.92,4.48,Netherlands,1005000
Hims,34.73,36.72,Syria,1005000
Cologne,50.93,6.95,Germany,1004000
Qinhuangdao,39.9304,119.62,China,1003000
Fez,34.0546,-5.0004,Morocco,1002000
Aden,12.7797,45.0095,Yemen,1000000
Da Nang,16.06,108.25,Vietnam,1000000
Cochabamba,-17.41,-66.17,Bolivia,1000000
Yongzhou,26.2304,111.62,China,1000000
Baoshan,25.12,99.15,China,1000000
Kitakyushu,33.8704,130.82,Japan,997536
Perm,58,56.25,Russia,997000
Ahvaz,31.28,48.72,Iran,996000
Jodhpur,26.2918,73.0168,India,995000
San Luis Potosi,22.17,-101,Mexico,992000
Odessa,46.49,30.71,Ukraine,991000
Yinchuan,38.468,106.273,China,991000
Ndjamena,12.1131,15.0491,Chad,989000
Donetsk,48,37.83,Ukraine,988000
Joinville,-26.32,-48.8399,Brazil,988000
Jiaxing,30.7704,120.75,China,988000
Guilin,25.28,110.28,China,987000
Dahuk,36.8667,43,Iraq,986000
Volgograd,48.71,44.5,Russia,984000
Guwahati,26.16,91.77,India,983000
Yichun,27.8333,114.4,China,982000
Yangquan,37.87,113.57,China,981448
Natal,-6.9838,-60.2699,Brazil,980588
Chandigarh,30.72,76.78,India,979000
Gwalior,26.23,78.1801,India,978000
Hamamatsu,34.7181,137.7327,Japan,977023
Qom,34.65,50.95,Iran,973000
Merida,20.9666,-89.6166,Mexico,965000
Jixi,45.3,130.97,China,965000
Xinyi,34.38,118.35,China,962656
Queretaro,20.63,-100.38,Mexico,961000
Pingxiang,27.62,113.85,China,961000
Kelang,3.0204,101.55,Malaysia,956000
Joao Pessoa,-7.1011,-34.8761,Brazil,956000
Jinzhou,41.1204,121.1,China,956000
Oklahoma City,35.4676,-97.5136,United States,955998
Salerno,40.6804,14.7699,Italy,954265
Thiruvananthapuram,8.5,76.95,India,954000
Kozhikode,11.2504,75.77,India,953000
Ogbomosho,8.13,4.24,Nigeria,951000
Tiruchirappalli,10.81,78.69,India,951000
General Santos,6.1108,125.1747,Philippines,950530
Hue,16.47,107.58,Vietnam,950000
Bacolod,10.6317,122.9817,Philippines,949354
Nantong,32.0304,120.825,China,947000
Tegucigalpa,14.102,-87.2175,Honduras,946000
Foshan,23.0301,113.12,China,943000
Songnam,37.4386,127.1378,"Korea, South",942000
Bridgeport,41.1909,-73.1958,United States,938406
Kingston,17.9771,-76.7674,Jamaica,937700
Naypyidaw,19.7666,96.1186,Burma,930000
Nice,43.715,7.265,France,927000
Buffalo,42.9017,-78.8487,United States,926261
Irbil,36.179,44.0086,Iraq,926000
Krasnoyarsk,56.014,92.866,Russia,925000
Djibouti,11.595,43.148,Djibouti,923000
Olinda,-8,-34.85,Brazil,921840
Managua,12.153,-86.2685,Nicaragua,920000
Antwerpen,51.2204,4.415,Belgium,920000
Konya,37.875,32.475,Turkey,919000
Bogor,-6.57,106.75,Indonesia,918000
Niamey,13.5167,2.1167,Niger,915000
Hartford,41.7661,-72.6834,United States,914751
Xinyu,27.8,114.93,China,913000
Huaibei,33.9504,116.75,China,913000
Teresina,-5.095,-42.78,Brazil,907000
Naha,26.2072,127.673,Japan,905238
Xinxiang,35.3204,113.87,China,903000
Goyang,37.6527,126.8372,"Korea, South",903000
Yibin,28.77,104.57,China,902000
Aba,5.1004,7.35,Nigeria,897560
Maiduguri,11.85,13.16,Nigeria,896000
Tirana,41.3275,19.8189,Albania,895350
Kathmandu,27.7167,85.3166,Nepal,895000
Az Zarqa,32.07,36.1,Jordan,894691
Tarsus,36.9204,34.88,Turkey,894318
Bengbu,32.95,117.33,China,894000
Mendoza,-32.8833,-68.8166,Argentina,893000
Hubli,15.36,75.125,India,890000
Concepcion,-36.83,-73.05,Chile,889725
Zaria,11.08,7.71,Nigeria,889000
Anyang,36.08,114.35,China,887000
Cartagena,10.3997,-75.5144,Colombia,887000
Mysore,12.31,76.66,India,887000
Ulaanbaatar,47.9167,106.9166,Mongolia,885000
Mexicali,32.65,-115.48,Mexico,885000
Tongliao,43.62,122.27,China,884000
Newcastle,55.0004,-1.6,United Kingdom,882000
Mombasa,-4.04,39.6899,Kenya,882000
Novo Hamburgo,-29.7096,-51.14,Brazil,876990
Callao,-12.07,-77.135,Peru,876877
Bilbao,43.25,-2.93,Spain,875552
Johor Bahru,1.48,103.73,Malaysia,875000
Yichang,30.7,111.28,China,875000
Raipur,21.235,81.635,India,875000
Fort Worth,32.7814,-97.3473,United States,874168
Salem,11.67,78.1801,India,873000
Yangjiang,21.8504,111.97,China,872363
Marrakesh,31.63,-8,Morocco,872000
Kaifeng,34.85,114.35,China,872000
Dandong,40.1436,124.3936,China,870000
Basra,30.5135,47.8136,Iraq,870000
Aguascalientes,21.8795,-102.2904,Mexico,869000
Tucson,32.1546,-110.8782,United States,868391
Okayama,34.672,133.9171,Japan,866092
Xuanzhou,30.9525,118.7553,China,866000
Puch'on,37.4989,126.7831,"Korea, South",866000
Rizhao,35.4304,119.45,China,865000
Bandar Lampung,-5.43,105.27,Indonesia,865000
Palermo,38.125,13.35,Italy,863000
Cardiff,51.5,-3.225,United Kingdom,861400
Kigali,-1.9536,30.0605,Rwanda,860000
Tampico,22.3,-97.87,Mexico,859419
Jiaozuo,35.25,113.22,China,857000
Padang,-0.96,100.36,Indonesia,855000
Jullundur,31.3349,75.569,India,855000
Valparaiso,-33.0478,-71.621,Chile,854000
Zhenjiang,32.22,119.43,China,854000
Zunyi,27.7,106.92,China,849000
Anshun,26.2504,105.93,China,849000
Pingdingshan,33.7304,113.3,China,849000
Toulouse,43.62,1.4499,France,847000
El Paso,31.8479,-106.4309,United States,845674
Nova Iguacu,-22.74,-43.47,Brazil,844583
Voronezh,51.73,39.27,Russia,844000
Bhubaneshwar,20.2704,85.8274,India,844000
Saratov,51.58,46.03,Russia,843000
Yuci,37.6804,112.73,China,840000
Yancheng,33.3856,120.1253,China,839000
Bishkek,42.8731,74.5852,Kyrgyzstan,837000
Oslo,59.9167,10.75,Norway,835000
Cuernavaca,18.9211,-99.24,Mexico,834001
Linfen,36.0803,111.52,China,834000
Honolulu,21.3294,-157.846,United States,833671
Bangui,4.3666,18.5583,Central African Republic,831925
Warri,5.52,5.76,Nigeria,830106
Tucuman,-26.816,-65.2166,Argentina,830000
Basel,47.5804,7.59,Switzerland,830000
Kermanshah,34.38,47.06,Iran,828313
Thessaloniki,40.6961,22.885,Greece,828000
Omaha,41.2628,-96.0495,United States,827786
Freetown,8.47,-13.2342,Sierra Leone,827000
Kota,25.18,75.835,India,827000
Braga,41.555,-8.4213,Portugal,826833
Jhansi,25.453,78.5575,India,826494
Yueyang,29.3801,113.1,China,826000
Nottingham,52.9703,-1.17,United Kingdom,825600
Agadir,30.44,-9.62,Morocco,825467
Butterworth,5.4171,100.4,Malaysia,821652
Bareilly,28.3454,79.42,India,817000
Jos,9.93,8.89,Nigeria,816824
Xingyi,25.0904,104.89,China,816000
Arequipa,-16.42,-71.53,Peru,815000
Cebu,10.32,123.9001,Philippines,815000
Liverpool,53.416,-2.918,United Kingdom,811000
Rajshahi,24.375,88.605,Bangladesh,810000
Langfang,39.5204,116.68,China,810000
Wuhu,31.3504,118.37,China,810000
Culiacan,24.83,-107.38,Mexico,809000
Zhaotang,27.3204,103.72,China,809000
Valencia,39.485,-0.4,Spain,808000
Cuiaba,-15.5696,-56.085,Brazil,806000
Lingyuan,41.24,119.4011,China,806000
Qui Nhon,13.78,109.18,Vietnam,805290
Malang,-7.98,112.61,Indonesia,805000
Aligarh,27.8922,78.0618,India,805000
Lvov,49.835,24.03,Ukraine,803880
Bordeaux,44.85,-0.595,France,803000
McAllen,26.2325,-98.2467,United States,800904
Baoji,34.38,107.15,China,800000
Pekanbaru,0.565,101.425,Indonesia,799000
Oran,35.71,-0.62,Algeria,798000
Yingkow,40.6703,122.28,China,795000
Bhiwandi,19.35,73.13,India,795000
Liaoyang,41.28,123.18,China,794000
Chihuahua,28.645,-106.085,Mexico,793000
Jammu,32.7118,74.8467,India,791000
Malacca,2.2064,102.2465,Malaysia,788706
Zaporizhzhya,47.8573,35.1768,Ukraine,788000
Moradabad,28.8418,78.7568,India,787000
Antalya,36.89,30.7,Turkey,783000
Al Hudaydah,14.7979,42.953,Yemen,780000
Islamabad,33.7,73.1666,Pakistan,780000
Campo Grande,-20.45,-54.6166,Brazil,778000
Shaoxing,30.0004,120.57,China,777000
Yichun,47.6999,128.9,China,777000
Mangalore,12.9,74.85,India,776632
Wuppertal,51.25,7.17,Germany,776525
Cheongju,36.6439,127.5012,"Korea, South",775096
Zamboanga,6.92,122.08,Philippines,773000
Hamhung,39.9101,127.5454,"Korea, North",773000
Ilorin,8.49,4.55,Nigeria,771000
Fuyang,30.0533,119.9519,China,771000
Saarbrucken,49.2504,6.97,Germany,770001
Fuxin,42.0105,121.66,China,770000
Shiyan,32.57,110.78,China,770000
Quetta,30.22,67.025,Pakistan,768000
Trujillo,-8.12,-79.02,Peru,765171
Kananga,-5.89,22.4,Congo (Kinshasa),765000
Trabzon,40.98,39.72,Turkey,764714
Cotonou,6.4,2.52,Benin,762000
Jincheng,35.5004,112.83,China,760000
Albuquerque,35.1053,-106.6464,United States,758523
Lodz,51.775,19.4514,Poland,758000
Krakow,50.06,19.96,Poland,756000
Vientiane,17.9667,102.6,Laos,754000
Saltillo,25.42,-101.005,Mexico,754000
Sao Jose dos Campos,-23.2,-45.8799,Brazil,753769
Hungnam,39.8231,127.6232,"Korea, North",751322
Taizz,13.6045,44.0394,Yemen,751000
Pietermaritzburg,-29.61,30.39,South Africa,750845
Tangier,35.7473,-5.8327,Morocco,750060
Changhua,24.0734,120.5134,Taiwan,750000
Hsinchu,24.8168,120.9767,Taiwan,750000
Fargona,40.39,71.78,Uzbekistan,750000
Namangan,41,71.67,Uzbekistan,750000
Kolhapur,16.7,74.22,India,750000
Liege,50.63,5.58,Belgium,749110
Ciudad Guayana,8.37,-62.62,Venezuela,746535
Birmingham,33.5276,-86.7988,United States,744189
Hegang,47.4,130.37,China,743307
Riga,56.95,24.1,Latvia,742572
Nouakchott,18.0864,-15.9753,Mauritania,742144
Naga,13.6192,123.1814,Philippines,741635
Gdansk,54.36,18.64,Poland,740000
Ansan,37.3481,126.8595,"Korea, South",739493
Nurnberg,49.45,11.08,Germany,737304
Oyo,7.8504,3.93,Nigeria,736072
Muscat,23.6133,58.5933,Oman,734697
Amravati,20.95,77.77,India,734451
Denpasar,-8.65,115.22,Indonesia,732344
Sokoto,13.06,5.24,Nigeria,732178
Beihai,21.4804,109.1,China,728978
Ashgabat,37.95,58.3833,Turkmenistan,727700
Bremen,53.08,8.8,Germany,724909
As Sulaymaniyah,35.5613,45.4309,Iraq,723170
Zagreb,45.8,16,Croatia,722526
Hannover,52.367,9.7167,Germany,722490
Cucuta,7.92,-72.52,Colombia,722146
Hamilton,43.25,-79.83,Canada,721053
Moshi,-3.3396,37.34,Tanzania,721018
Shaoguan,24.8,113.58,China,720266
Kumamoto,32.8009,130.7006,Japan,718232
Dayton,39.7797,-84.1998,United States,718169
Lianyungang,34.6004,119.17,China,715600
Acapulco,16.85,-99.916,Mexico,715584
Kandahar,31.61,65.6949,Afghanistan,715542
Dehra Dun,30.3204,78.05,India,714223
Rochester,43.168,-77.6162,United States,711998
Jeonju,35.8314,127.1404,"Korea, South",711424
Samarqand,39.67,66.945,Uzbekistan,708000
Qingyuan,23.7004,113.0301,China,706717
Sarasota,27.3391,-82.5439,United States,706245
Changzhi,36.1839,113.1053,China,706000
Tolyatti,53.4804,49.53,Russia,702879
Jaboatao,-8.11,-35.02,Brazil,702621
Shizuoka,34.9858,138.3854,Japan,701561
Bulawayo,-20.17,28.58,Zimbabwe,699385
Soledad,10.92,-74.77,Colombia,698852
Fresno,36.7834,-119.7941,United States,698021
Meknes,33.9004,-5.56,Morocco,697628
Sarajevo,43.85,18.383,Bosnia And Herzegovina,696731
La Plata,-34.9096,-57.96,Argentina,694253
Malegaon,20.5604,74.525,India,690844
Enugu,6.45,7.5,Nigeria,688862
Chisinau,47.005,28.8577,Moldova,688134
Huangshi,30.22,115.1,China,688090
Aracaju,-10.9,-37.12,Brazil,685356
Allentown,40.5961,-75.4756,United States,682899
Bonn,50.7205,7.08,Germany,680543
San Pedro Sula,15.5,-88.03,Honduras,680091
Nellore,14.44,79.9899,India,678004
Catania,37.5,15.08,Italy,674542
Gorakhpur,26.7504,83.38,India,674246
Ipoh,4.6,101.065,Malaysia,673318
Chongjin,41.7846,129.79,"Korea, North",672614
Tulsa,36.1284,-95.9042,United States,672054
Utsunomiya,36.55,139.87,Japan,667752
Puyang,35.7004,114.98,China,666322
An Najaf,32.0003,44.3354,Iraq,665552
Sao Jose dos Pinhais,-25.57,-49.18,Brazil,665063
Santo Andre,-23.6528,-46.5278,Brazil,662373
Bytom,50.35,18.91,Poland,662247
Pointe-Noire,-4.77,11.88,Congo (Brazzaville),659084
At Taif,21.2622,40.3823,Saudi Arabia,657282
Ismailia,30.5903,32.26,Egypt,656135
Concord,37.9722,-122.0016,United States,654770
Shimoga,13.9304,75.56,India,654055
Bien Hoa,10.97,106.8301,Vietnam,652646
Zhanyi,25.6005,103.8166,China,652604
Kryvyy Rih,47.9283,33.345,Ukraine,652380
Andijon,40.79,72.34,Uzbekistan,650000
Tiruppur,11.0804,77.33,India,650000
Irbid,32.55,35.85,Jordan,650000
Krasnodar,45.02,39,Russia,649851
Zaragoza,41.65,-0.89,Spain,649404
Genoa,44.41,8.93,Italy,647497
Lilongwe,-13.9833,33.7833,Malawi,646750
Diyarbakir,37.9204,40.23,Turkey,644763
Morelia,19.7334,-101.1895,Mexico,644306
Ulyanovsk,54.33,48.41,Russia,640680
Utrecht,52.1003,5.12,Netherlands,640000
Kikwit,-5.03,18.85,Congo (Kinshasa),637736
Al Hufuf,25.3487,49.5856,Saudi Arabia,637389
Yogyakarta,-7.78,110.375,Indonesia,636660
Wroclaw,51.1104,17.03,Poland,634893
Winnipeg,49.883,-97.166,Canada,632063
Izhevsk,56.85,53.23,Russia,631038
Cape Coral,26.6444,-81.9956,United States,630134
Springfield,42.1155,-72.5395,United States,628076
Zhuozhou,39.5401,115.79,China,628000
Raurkela,22.2304,84.83,India,625831
Quebec,46.84,-71.2456,Canada,624177
Poznan,52.4058,16.8999,Poland,623997
Colorado Springs,38.8674,-104.7606,United States,623946
Bur Said,31.26,32.29,Egypt,623864
Nanded,19.17,77.3,India,623708
Bannu,32.989,70.5986,Pakistan,622419
Asmara,15.3333,38.9333,Eritrea,620802
Southend-on-Sea,51.55,0.72,United Kingdom,618386
Dresden,51.05,13.75,Germany,617515
Wiesbaden,50.0804,8.25,Germany,617126
Charleston,32.8137,-79.9643,United States,616085
Changping,40.2248,116.1944,China,614821
Palu,-0.907,119.833,Indonesia,612445
Taizhou,32.4904,119.9,China,612356
Xiangtai,37.05,114.5,China,611739
Samsun,41.28,36.3437,Turkey,609339
Luxor,25.7,32.65,Egypt,609248
Belgaum,15.865,74.505,India,608756
Pontianak,-0.03,109.32,Indonesia,607311
Yaroslavl,57.62,39.87,Russia,606730
Constantine,36.36,6.5999,Algeria,605179
Bandjarmasin,-3.33,114.5801,Indonesia,603576
Abu Dhabi,24.4667,54.3666,United Arab Emirates,603492
Grand Rapids,42.9615,-85.6557,United States,602694
Kirkuk,35.4722,44.3923,Iraq,601433
Sangli,16.8604,74.575,India,601214
Barcelona,10.1304,-64.72,Venezuela,600954
Mission Viejo,33.6095,-117.6551,United States,600474
Canoas,-29.92,-51.18,Brazil,600000
El Mansura,31.0504,31.38,Egypt,600000
Sohag,26.5504,31.7,Egypt,600000
Barnaul,53.355,83.745,Russia,599579
Zahedan,29.5,60.83,Iran,598887
Jalalabad,34.4415,70.4361,Afghanistan,597971
Albany,42.6664,-73.7987,United States,597270
Chiclayo,-6.7629,-79.8366,Peru,596792
Hermosillo,29.0989,-110.9541,Mexico,595811
Port Louis,-20.1666,57.5,Mauritius,595491
Chandrapur,19.97,79.3,India,595118
Al Hillah,23.4895,46.7564,Saudi Arabia,594605
Al Hillah,32.4721,44.4217,Iraq,594605
Rasht,37.3,49.63,Iran,594590
Nagano,36.65,138.17,Japan,594311
Vinh,18.7,105.68,Vietnam,593645
Abeokuta,7.1604,3.35,Nigeria,593100
Kayseri,38.735,35.49,Turkey,592840
Samarinda,-0.5,117.15,Indonesia,592228
Ajmer,26.45,74.64,India,589985
Dortmund,51.53,7.45,Germany,588462
Vladivostok,43.13,131.91,Russia,587022
Irkutsk,52.32,104.245,Russia,586695
Knoxville,35.9692,-83.9495,United States,585249
Blantyre,-15.79,34.9899,Malawi,584877
Baton Rouge,30.4423,-91.1314,United States,583613
Anqing,30.5,117.05,China,580497
Cuttack,20.47,85.8899,India,580000
Hachioji,35.6577,139.3261,Japan,579399
Khabarovsk,48.455,135.12,Russia,579000
Veracruz,19.1773,-96.16,Mexico,578963
Kisangani,0.52,25.22,Congo (Kinshasa),578470
Libreville,0.3854,9.458,Gabon,578156
Kerman,30.3,57.08,Iran,577514
Urmia,37.53,45,Iran,577307
Bikaner,28.0304,73.3299,India,576015
Quetzaltenango,14.83,-91.52,Guatemala,575263
Bakersfield,35.353,-119.036,United States,574362
Ogden,41.228,-111.9677,United States,573632
Shihezi,44.3,86.0299,China,573182
Kuching,1.53,110.33,Malaysia,570407
Shuozhou,39.3004,112.42,China,570000
Niigata,37.92,139.04,Japan,569797
Pereira,4.8104,-75.68,Colombia,568750
Macau,22.203,113.545,Macau,568700
New Haven,41.3112,-72.9245,United States,568144
Bouake,7.69,-5.03,Côte D’Ivoire,567481
Columbia,34.037,-80.9042,United States,566166
Akron,41.0802,-81.5219,United States,565920
Binjai,3.6204,98.5001,Indonesia,564979
Manama,26.2361,50.5831,Bahrain,563920
Uberlandia,-18.9,-48.28,Brazil,563536
Sorocaba,-23.49,-47.47,Brazil,563281
Tongling,30.9504,117.78,China,562832
Weihai,37.5,122.1,China,560255
Mar del Plata,-38,-57.58,Argentina,555897
Santiago de Cuba,20.025,-75.8213,Cuba,555865
Siping,43.17,124.33,China,555609
Kagoshima,31.586,130.5611,Japan,555352
Surakarta,-7.565,110.825,Indonesia,555308
Makhachkala,42.98,47.5,Russia,554981
Bhavnagar,21.7784,72.13,India,554978
Uyo,5.008,7.85,Nigeria,554906
Bristol,51.45,-2.5833,United Kingdom,553528
Bahawalpur,29.39,71.675,Pakistan,552607
Kenitra,34.2704,-6.58,Morocco,551786
Ribeirao Preto,-21.17,-47.83,Brazil,551267
Kanazawa,36.56,136.64,Japan,551249
Orenburg,51.78,55.11,Russia,550204
Malaga,36.7204,-4.42,Spain,550058
Tabuk,28.3838,36.555,Saudi Arabia,547957
Puerto la Cruz,10.17,-64.68,Venezuela,546616
Jiujiang,29.73,115.98,China,545616
Hisar,29.17,75.725,India,544829
Kashgar,39.4763,75.9699,China,543914
Matola,-25.9696,32.46,Mozambique,543907
Bilaspur,22.0904,82.16,India,543454
Sargodha,32.0854,72.675,Pakistan,542603
Leipzig,51.3354,12.41,Germany,542529
Vilnius,54.6834,25.3166,Lithuania,542366
Tirunelveli,8.7304,77.69,India,542200
Cancun,21.17,-86.83,Mexico,542043
Yangzhou,32.4,119.43,China,539715
Novokuznetsk,53.75,87.115,Russia,539616
Al Ladhiqiyah,35.54,35.78,Syria,539147
Matamoros,25.88,-97.5,Mexico,538785
Goteborg,57.75,12,Sweden,537797
Otsu,35.0064,135.8674,Japan,536976
Tomsk,56.495,84.975,Russia,535479
Linxia,35.6,103.2,China,534555
Matsuyama,33.8455,132.7658,Japan,533541
Rouen,49.4304,1.08,France,532559
Jiangmen,22.5804,113.08,China,532419
Oaxaca,17.0827,-96.6699,Mexico,530728
Beira,-19.82,34.87,Mozambique,530604
Guntur,16.33,80.45,India,530577
Trablous,34.42,35.87,Lebanon,530000
Hamadan,34.796,48.515,Iran,528256
Cangzhou,38.3204,116.87,China,527681
Kota Kinabalu,5.98,116.11,Malaysia,527671
Gold Coast,-28.0815,153.4482,Australia,527660
Jian,27.1304,115,China,520248
Londrina,-23.3,-51.18,Brazil,520238
Ryazan,54.62,39.72,Russia,520173
Shashi,30.32,112.23,China,520000
Bello,6.33,-75.57,Colombia,519670
Tyumen,57.14,65.53,Russia,519119
Lipetsk,52.62,39.64,Russia,515655
Siliguri,26.7204,88.455,India,515574
Eskisehir,39.795,30.53,Turkey,514869
Banda Aceh,5.55,95.32,Indonesia,513698
Ujjain,23.1904,75.79,India,513350
Salta,-24.7834,-65.4166,Argentina,512686
Penza,53.18,45,Russia,512602
Blida,36.4203,2.83,Algeria,511348
Mykolayiv,46.9677,31.9843,Ukraine,510840
Karbala,32.6149,44.0245,Iraq,510692
Suez,30.005,32.5499,Egypt,508335
Gliwice,50.3304,18.67,Poland,507670
Bukittinggi,-0.3031,100.3615,Indonesia,506964
Liaoyuan,42.9,125.13,China,506548
Kota Baharu,6.12,102.23,Malaysia,505583
Jundiai,-23.2,-46.88,Brazil,505548
Edinburgh,55.9483,-3.2191,United Kingdom,504966
Tlaxcala,19.32,-98.23,Mexico,503878
Provo,40.2458,-111.6457,United States,503695
Arak,34.0804,49.7,Iran,503647
Davangere,14.47,75.92,India,503564
Vina del Mar,-33.03,-71.54,Chile,503534
Pingtung,22.6817,120.4817,Taiwan,503530
Annaba,36.92,7.76,Algeria,503524
Akola,20.71,77.01,India,503502
Brighton,50.8303,-0.17,United Kingdom,503008
Astrakhan,46.3487,48.055,Russia,502533
Bradford,53.8,-1.75,United Kingdom,501700
Bari,41.1142,16.8728,Italy,500577
Mazatlan,29.0171,-110.1333,Mexico,500000
Awka,6.2104,7.07,Nigeria,500000
San Lorenzo,-25.34,-57.52,Paraguay,500000
Taoyuan,24.9889,121.3111,Taiwan,500000
Chiayi,23.4755,120.4351,Taiwan,500000
Keelung,25.1333,121.7333,Taiwan,500000
Thai Nguyen,21.6,105.83,Vietnam,500000
Shuangyashan,46.6704,131.35,China,500000
El Minya,28.09,30.75,Egypt,500000
Damanhur,31.0504,30.47,Egypt,500000
Pasuruan,-7.6296,112.9,Indonesia,500000
Tsu,34.7171,136.5167,Japan,500000
Mataram,-8.5795,116.135,Indonesia,499409
Macapa,0.033,-51.05,Brazil,499166
Worcester,42.2705,-71.8079,United States,498997
Reynosa,26.08,-98.3,Mexico,498654
Shahrisabz,39.0618,66.8315,Uzbekistan,498545
Mesa,33.4017,-111.7181,United States,496401
Douma,33.5833,36.4,Syria,496145
Skopje,42,21.4335,Macedonia,494087
Mwanza,-2.52,32.93,Tanzania,493944
Wuwei,37.928,102.641,China,493092
Palm Bay,27.9861,-80.6628,United States,489912
Port Sudan,19.6158,37.2164,Sudan,489725
Santa Fe,-31.6239,-60.69,Argentina,489505